{
	"class_name" : "PinholeCameraParameters",
	"extrinsic" : 
	[
		0.86406601420661455,
		-0.42099327751727456,
		0.27596119904500693,
		0.0,
		-0.49306148184773685,
		-0.59741440672199697,
		0.63244478158896889,
		0.0,
		-0.10139180544407314,
		-0.68253987936696248,
		-0.723781054506488,
		0.0,
		-44.284535259199373,
		23.531854239112242,
		14.26131695033709,
		1.0
	],
	"intrinsic" : 
	{
		"height" : 1080,
		"intrinsic_matrix" : 
		[
			935.30743608719376,
			0.0,
			0.0,
			0.0,
			935.30743608719376,
			0.0,
			959.5,
			539.5,
			1.0
		],
		"width" : 1920
	},
	"version_major" : 1,
	"version_minor" : 0
}